PART.name,SSS Category,Tier,Mod,
LA.19.NL1.Fairing,construction,9,ShangshengOrbital,"@PART[LA.19.NL1.Fairing]:AFTER[ShangshengOrbital] //
{
	@TechRequired = construction9

}"
LA.19.NL1.Leg,reuse,9,ShangshengOrbital,"@PART[LA.19.NL1.Leg]:AFTER[ShangshengOrbital] //
{
	@TechRequired = reuse9

}"
LA.19.NL1.S1.Engine,hypergol,9,ShangshengOrbital,"@PART[LA.19.NL1.S1.Engine]:AFTER[ShangshengOrbital] //
{
	@TechRequired = hypergol9

}"
LA.19.NL1.S1.Interstage,construction,9,ShangshengOrbital,"@PART[LA.19.NL1.S1.Interstage]:AFTER[ShangshengOrbital] //
{
	@TechRequired = construction9

}"
LA.19.NL1.S1.Tank,tanks,9,ShangshengOrbital,"@PART[LA.19.NL1.S1.Tank]:AFTER[ShangshengOrbital] //
{
	@TechRequired = tanks9

}"
LA.19.NL1.S2.Engine,hypergol,9,ShangshengOrbital,"@PART[LA.19.NL1.S2.Engine]:AFTER[ShangshengOrbital] //
{
	@TechRequired = hypergol9

}"
LA.19.NL1.S2.Fairing.base,construction,9,ShangshengOrbital,"@PART[LA.19.NL1.S2.Fairing.base]:AFTER[ShangshengOrbital] //
{
	@TechRequired = construction9

}"
LA.19.NL1.S2.Tank,tanks,9,ShangshengOrbital,"@PART[LA.19.NL1.S2.Tank]:AFTER[ShangshengOrbital] //
{
	@TechRequired = tanks9

}"
