PART.name,Category,
hydrogen-10-1,FuelTank,CryoTanks
hydrogen-125-1,FuelTank,CryoTanks
hydrogen-125-2,FuelTank,CryoTanks
hydrogen-25-1,FuelTank,CryoTanks
hydrogen-25-2,FuelTank,CryoTanks
hydrogen-25-3,FuelTank,CryoTanks
hydrogen-375-1,FuelTank,CryoTanks
hydrogen-375-2,FuelTank,CryoTanks
hydrogen-375-3,FuelTank,CryoTanks
hydrogen-5-1,FuelTank,CryoTanks
hydrogen-5-2,FuelTank,CryoTanks
hydrogen-5-3,FuelTank,CryoTanks
hydrogen-radial-125-1,FuelTank,CryoTanks
hydrogen-radial-25-1,FuelTank,CryoTanks
hydrogen-radial-375-1,FuelTank,CryoTanks
